<?xml version="1.0" encoding="UTF-8"?>
<addon id="plugin.video.veetv" version="0.1.0" name="veetv" provider-name="veetv">
    <requires>
        <import addon="xbmc.python" version="1.0"/>
        <import addon="script.module.urlresolver" version="0.0.1"/>
        <import addon="script.module.t0mm0.common" version="0.0.1"/>
        <import addon="script.module.parsedom" version="0.9.1"/>
    </requires>
    <extension point="xbmc.python.pluginsource" library="default.py">
        <provides>video</provides>
    </extension>
    <extension point="xbmc.addon.metadata">
        <summary>VeeTv.com</summary>
        <description>VeeTv.com</description>
        <platform>all</platform>
    </extension>

</addon>

